Name,Class,Xnorm,Ynorm
1,1,0.31,0.435333491
2,1,0.37,0.333753494
3,1,0.398,0.3646565
4,1,0.209,0.332972446
5,1,0.355,0.405446564
6,1,0.267,0.433801363
7,1,0.207,0.418856688
8,1,0.327,0.465082638
9,1,0.248,0.346626903
10,1,0.398,0.418786718
11,1,0.213,0.390243002
12,1,0.363,0.345580692
13,1,0.348,0.33633065
14,1,0.211,0.318734759
15,1,0.386,0.46114209
16,1,0.306,0.397456356
17,1,0.283,0.334767864
18,1,0.378,0.308083953
19,1,0.29,0.401330396
20,1,0.293,0.439645562
21,1,0.364,0.360798023
22,1,0.398,0.330263571
23,1,0.305,0.424263109
24,1,0.377,0.329414723
25,1,0.3,0.35278354
26,1,0.27,0.327941199
27,1,0.322,0.302136817
28,1,0.296,0.417478859
29,1,0.231,0.449605459
30,1,0.3,0.338560975
31,1,0.213,0.322441329
32,1,0.248,0.339301515
33,1,0.352,0.434283376
34,1,0.373,0.496689952
35,1,0.295,0.367300115
36,1,0.325,0.308535285
37,1,0.381,0.419129037
38,1,0.39,0.343526816
39,1,0.23,0.391803407
40,1,0.337,0.460558959
41,1,0.35,0.454395509
42,1,0.243,0.395235936
43,1,0.358,0.3528717
44,1,0.204,0.347348601
45,1,0.211,0.4158543
46,1,0.205,0.398877262
47,1,0.328,0.478460097
48,1,0.398,0.473438163
49,1,0.361,0.361554951
50,1,0.267,0.345292668
51,1,0.384,0.381987886
52,1,0.361,0.486644916
53,1,0.276,0.471911657
54,1,0.316,0.460506022
55,1,0.222,0.333124757
56,1,0.379,0.321850205
57,1,0.244,0.418784196
58,1,0.259,0.435981725
59,1,0.382,0.404153723
60,1,0.306,0.320146817
61,1,0.389,0.342702157
62,1,0.366,0.440046883
63,1,0.264,0.48333141
64,1,0.287,0.372837905
65,1,0.317,0.418280274
66,1,0.398,0.381995318
67,1,0.205,0.345926049
68,1,0.341,0.36015718
69,1,0.268,0.436871794
70,1,0.368,0.363058202
71,1,0.281,0.349650829
72,1,0.216,0.35305034
73,1,0.223,0.319897239
74,1,0.232,0.354595014
75,1,0.338,0.416425245
76,1,0.222,0.426817448
77,1,0.327,0.353241478
78,1,0.238,0.473486506
79,1,0.282,0.393262521
80,1,0.335,0.491553915
81,1,0.266,0.492276681
82,1,0.214,0.360009165
83,1,0.382,0.386449215
84,1,0.296,0.365374624
85,1,0.216,0.432249578
86,1,0.319,0.434618673
87,1,0.328,0.415883551
88,1,0.21,0.325116955
89,1,0.224,0.371335185
90,1,0.315,0.383721522
91,1,0.328,0.460822875
92,1,0.217,0.322922162
93,1,0.204,0.381659776
94,1,0.389,0.347086793
95,1,0.359,0.417483436
96,1,0.245,0.421604238
97,1,0.294,0.460175068
98,1,0.338,0.430894808
99,1,0.36,0.419548786
100,1,0.306,0.333690794
101,1,0.396,0.32643228
102,1,0.337,0.359320249
103,1,0.304,0.300653401
104,1,0.236,0.348931717
105,1,0.229,0.324193734
106,1,0.263,0.396301999
107,1,0.243,0.346823545
108,1,0.389,0.402067463
109,1,0.38,0.32656143
110,1,0.373,0.372292465
111,1,0.297,0.430112008
112,1,0.323,0.417736264
113,1,0.282,0.430646113
114,1,0.324,0.417695589
115,1,0.395,0.316278936
116,1,0.216,0.382107119
117,1,0.329,0.390259632
118,1,0.318,0.425511454
119,1,0.33,0.331268022
120,1,0.393,0.365531922
121,1,0.206,0.384576241
122,1,0.263,0.498171501
123,1,0.27,0.385750525
124,1,0.237,0.456261428
125,1,0.236,0.459812035
126,1,0.241,0.428064102
127,1,0.248,0.357355239
128,1,0.251,0.326943803
129,1,0.321,0.469655298
130,1,0.235,0.308525343
131,1,0.223,0.401615544
132,1,0.223,0.417285343
133,1,0.263,0.309578965
134,1,0.253,0.321073955
135,1,0.301,0.465866898
136,1,0.214,0.481114306
137,1,0.363,0.496429982
138,1,0.277,0.458410973
139,1,0.229,0.422117518
140,1,0.349,0.311575181
141,1,0.207,0.328690491
142,1,0.304,0.375225173
143,1,0.318,0.406835654
144,1,0.271,0.382055246
145,1,0.281,0.404311149
146,1,0.223,0.376780577
147,1,0.251,0.34971332
148,1,0.219,0.394675435
149,1,0.218,0.48849938
150,1,0.261,0.312355792
151,1,0.346,0.314272487
152,1,0.382,0.330991957
153,1,0.249,0.476131629
154,1,0.367,0.446638211
155,1,0.355,0.396029363
156,1,0.219,0.491024719
157,1,0.214,0.36078289
158,1,0.266,0.45393733
159,1,0.381,0.39501188
160,1,0.34,0.450478846
161,1,0.328,0.382507709
162,1,0.217,0.478784263
163,1,0.379,0.455089759
164,1,0.23,0.420956402
165,1,0.38,0.43816095
166,1,0.232,0.43032236
167,1,0.267,0.423662362
168,1,0.212,0.456794766
169,1,0.22,0.471623514
170,1,0.234,0.301479417
171,1,0.387,0.365773263
172,1,0.387,0.364069189
173,1,0.358,0.454324591
174,1,0.382,0.383607785
175,1,0.237,0.409198793
176,1,0.381,0.42199032
177,1,0.214,0.457996103
178,1,0.38,0.322209116
179,1,0.209,0.384897663
180,1,0.332,0.435306245
181,1,0.353,0.379675495
182,1,0.315,0.475322005
183,1,0.235,0.3147371
184,1,0.281,0.361131501
185,1,0.374,0.477295476
186,1,0.249,0.489831487
187,1,0.303,0.40250968
188,1,0.267,0.444431346
189,1,0.289,0.357825289
190,1,0.203,0.444487889
191,1,0.376,0.363445904
192,1,0.365,0.417810934
193,1,0.218,0.424455305
194,1,0.314,0.497279522
195,1,0.311,0.317732921
196,1,0.353,0.35494099
197,1,0.294,0.443856295
198,1,0.349,0.379900376
199,1,0.269,0.458969314
200,1,0.273,0.365830028
201,1,0.308,0.445058911
202,1,0.349,0.492719967
203,1,0.2,0.478652933
204,1,0.367,0.313373016
205,1,0.22,0.476028012
206,1,0.225,0.335427529
207,1,0.265,0.430067525
208,1,0.31,0.395070543
209,1,0.298,0.310737481
210,1,0.245,0.359237193
211,1,0.389,0.385512369
212,1,0.35,0.379344593
213,1,0.288,0.489454952
214,1,0.384,0.379253354
215,1,0.354,0.381441502
216,1,0.357,0.369141551
217,1,0.329,0.300756224
218,1,0.322,0.352943538
219,1,0.399,0.367876049
220,1,0.252,0.492752837
221,1,0.387,0.429655889
222,1,0.309,0.351632969
223,1,0.219,0.311608733
224,1,0.205,0.458514341
225,1,0.209,0.354364754
226,1,0.23,0.46236759
227,1,0.277,0.39214134
228,1,0.3,0.382175937
229,1,0.32,0.48086141
230,1,0.324,0.490178047
231,1,0.354,0.423811008
232,1,0.344,0.366905768
233,1,0.243,0.366431589
234,1,0.206,0.309655246
235,1,0.345,0.42965761
236,1,0.349,0.40325704
237,1,0.326,0.496910803
238,1,0.295,0.407072054
239,1,0.397,0.475487711
240,1,0.273,0.351311804
241,1,0.312,0.435425012
242,1,0.222,0.432236347
243,1,0.395,0.375867017
244,1,0.248,0.444184258
245,1,0.384,0.450422759
246,1,0.334,0.340902979
247,1,0.374,0.436279263
248,1,0.369,0.312024642
249,1,0.272,0.392879519
250,1,0.286,0.40840552
251,1,0.291,0.335155905
252,1,0.212,0.405894806
253,1,0.224,0.334463255
254,1,0.222,0.400274127
255,1,0.382,0.458156808
256,1,0.363,0.448876478
257,1,0.265,0.381387497
258,1,0.389,0.301918249
259,1,0.282,0.441610799
260,1,0.375,0.45952544
261,1,0.362,0.437370661
262,1,0.227,0.479258233
263,1,0.291,0.417293248
264,1,0.282,0.307114859
265,1,0.398,0.349176749
266,1,0.369,0.339243143
267,1,0.323,0.469106708
268,1,0.244,0.364425908
269,1,0.288,0.339957454
270,1,0.218,0.492098329
271,1,0.394,0.381901011
272,1,0.361,0.379507141
273,1,0.306,0.37402884
274,1,0.367,0.358429056
275,1,0.381,0.456645572
276,1,0.229,0.421730412
277,1,0.391,0.400445929
278,1,0.219,0.494263128
279,1,0.257,0.381840138
280,1,0.298,0.396613336
281,1,0.292,0.391421887
282,1,0.237,0.301552709
283,1,0.398,0.354572782
284,1,0.385,0.430619317
285,1,0.264,0.39889913
286,1,0.24,0.342811998
287,1,0.258,0.302993641
288,1,0.259,0.309791338
289,1,0.255,0.342701102
290,1,0.371,0.306720338
291,1,0.386,0.46101868
292,1,0.28,0.34361254
293,1,0.308,0.382456099
294,1,0.364,0.388080663
295,1,0.202,0.498579148
296,1,0.331,0.376505072
297,1,0.368,0.346210594
298,1,0.311,0.44346848
299,1,0.35,0.416841585
300,1,0.325,0.353892127
301,1,0.381,0.368263072
302,1,0.202,0.425794318
303,1,0.373,0.453068275
304,1,0.303,0.44671732
305,1,0.399,0.308889568
306,1,0.274,0.366995889
307,1,0.357,0.414288232
308,1,0.229,0.459970677
309,1,0.296,0.337808543
310,1,0.22,0.352458563
311,1,0.346,0.326597108
312,1,0.356,0.481425958
313,1,0.286,0.329318721
314,1,0.321,0.465888102
315,1,0.35,0.439000471
316,1,0.231,0.345198731
317,1,0.244,0.388076869
318,1,0.203,0.385230202
319,1,0.278,0.402132468
320,1,0.269,0.389039799
321,1,0.236,0.43603979
322,1,0.383,0.32418224
323,1,0.344,0.308123604
324,1,0.281,0.435440979
325,1,0.238,0.453863474
326,1,0.336,0.339742551
327,1,0.206,0.357122236
328,1,0.336,0.364047944
329,1,0.284,0.413351164
330,1,0.359,0.427509529
331,1,0.245,0.437652504
332,1,0.289,0.404927745
333,1,0.231,0.326235889
334,1,0.354,0.434852252
335,1,0.25,0.390366825
336,1,0.278,0.36099665
337,1,0.331,0.326679435
338,1,0.32,0.46452341
339,1,0.337,0.424256416
340,1,0.334,0.444148456
341,1,0.334,0.401323886
342,1,0.214,0.41335496
343,1,0.244,0.336194999
344,1,0.391,0.337103546
345,1,0.393,0.340219411
346,1,0.38,0.362803987
347,1,0.244,0.455566698
348,1,0.246,0.499522788
349,1,0.398,0.323740684
350,1,0.385,0.354432489
351,1,0.303,0.49095939
352,1,0.274,0.46531399
353,1,0.312,0.469160274
354,1,0.212,0.318035525
355,1,0.372,0.487615902
356,1,0.359,0.475170079
357,1,0.259,0.405990521
358,1,0.212,0.486851006
359,1,0.299,0.316448894
360,1,0.201,0.32276491
361,1,0.223,0.406239741
362,1,0.233,0.307480295
363,1,0.281,0.460754018
364,1,0.3,0.309827766
365,1,0.295,0.454583806
366,1,0.326,0.309460576
367,1,0.368,0.387971408
368,1,0.213,0.455874728
369,1,0.258,0.438429244
370,1,0.295,0.334222194
371,1,0.238,0.431492919
372,1,0.206,0.455960618
373,1,0.388,0.451401456
374,1,0.334,0.339396104
375,1,0.347,0.330994515
376,1,0.238,0.335596042
377,1,0.303,0.416077113
378,1,0.271,0.382891132
379,1,0.252,0.374945589
380,1,0.216,0.309065541
381,1,0.352,0.331072885
382,1,0.279,0.388828918
383,1,0.334,0.391339636
384,1,0.348,0.313221574
385,1,0.242,0.327733526
386,1,0.336,0.316371598
387,1,0.389,0.377056726
388,1,0.272,0.344927685
389,1,0.28,0.425343922
390,1,0.26,0.346806138
391,1,0.304,0.304643574
392,1,0.216,0.464521167
393,1,0.393,0.481440002
394,1,0.359,0.393996454
395,1,0.25,0.402968306
396,1,0.293,0.322875543
397,1,0.349,0.424425273
398,1,0.324,0.309396412
399,1,0.375,0.4735635
400,1,0.37,0.348969687
401,1,0.268,0.352704073
402,1,0.398,0.441371595
403,1,0.329,0.302779667
404,1,0.232,0.382126109
405,1,0.233,0.371015157
406,1,0.386,0.46923213
407,1,0.333,0.366014354
408,1,0.255,0.406590342
409,1,0.374,0.360794657
410,1,0.314,0.38111379
411,1,0.234,0.495727405
412,1,0.245,0.424992716
413,1,0.4,0.316686969
414,1,0.303,0.453138624
415,1,0.261,0.390511238
416,1,0.391,0.441599455
417,1,0.379,0.396904524
418,1,0.265,0.326784914
419,1,0.241,0.411575656
420,1,0.359,0.442395816
421,1,0.245,0.444618688
422,1,0.305,0.4282662
423,1,0.24,0.416636391
424,1,0.393,0.37020409
425,1,0.216,0.398892978
426,1,0.24,0.479091399
427,1,0.287,0.349927383
428,1,0.389,0.427828904
429,1,0.389,0.384175294
430,1,0.323,0.44007147
431,1,0.277,0.345850505
432,1,0.275,0.405407146
433,1,0.201,0.475385719
434,1,0.201,0.454274832
435,1,0.274,0.311252623
436,1,0.205,0.381495671
437,1,0.332,0.417955323
438,1,0.27,0.490354922
439,1,0.353,0.314270246
440,1,0.378,0.488063538
441,1,0.248,0.349907932
442,1,0.383,0.4379908
443,1,0.279,0.49385966
444,1,0.273,0.485190062
445,1,0.26,0.470099066
446,1,0.356,0.344692784
447,1,0.334,0.46324228
448,1,0.288,0.448917725
449,1,0.232,0.389187115
450,1,0.383,0.308781888
451,1,0.226,0.425706803
452,1,0.233,0.475672889
453,1,0.201,0.31709942
454,1,0.372,0.417317466
455,1,0.32,0.454289283
456,1,0.391,0.446086144
457,1,0.268,0.386091418
458,1,0.315,0.31831217
459,1,0.23,0.300832507
460,1,0.24,0.381820443
461,1,0.393,0.310491758
462,1,0.399,0.4774736
463,1,0.312,0.429104491
464,1,0.395,0.34788584
465,1,0.314,0.374982753
466,1,0.257,0.341363682
467,1,0.2,0.460798198
468,1,0.355,0.434316112
469,1,0.352,0.428387338
470,1,0.204,0.46909542
471,1,0.202,0.394911601
472,1,0.253,0.361221123
473,1,0.263,0.372173807
474,1,0.302,0.417628542
475,1,0.352,0.361141978
476,1,0.39,0.311589337
477,1,0.335,0.445623595
478,1,0.382,0.34477175
479,1,0.357,0.492811578
480,1,0.4,0.474030195
481,1,0.297,0.459447283
482,1,0.264,0.476898196
483,1,0.286,0.332820958
484,1,0.386,0.357080802
485,1,0.343,0.383679342
486,1,0.372,0.476462826
487,1,0.396,0.472582649
488,1,0.248,0.390961238
489,1,0.333,0.318516312
490,1,0.314,0.39180086
491,1,0.253,0.487765964
492,1,0.223,0.341090062
493,1,0.225,0.433000593
494,1,0.296,0.412604698
495,1,0.336,0.471639379
496,1,0.348,0.352696199
497,1,0.206,0.349018474
498,1,0.342,0.353050275
499,1,0.282,0.349222155
500,1,0.229,0.614357698
501,1,0.229,0.605230841
502,1,0.36,0.656650338
503,1,0.215,0.67522802
504,1,0.212,0.721579571
505,1,0.253,0.718000134
506,1,0.351,0.716350243
507,1,0.271,0.615647499
508,1,0.237,0.662618204
509,1,0.322,0.703840785
510,1,0.361,0.701279053
511,1,0.249,0.785934122
512,1,0.346,0.656689102
513,1,0.29,0.721048205
514,1,0.284,0.680447896
515,1,0.289,0.742372282
516,1,0.396,0.697413716
517,1,0.395,0.718914077
518,1,0.379,0.652487185
519,1,0.227,0.649038817
520,1,0.347,0.723022785
521,1,0.327,0.775020951
522,1,0.343,0.685503793
523,1,0.249,0.657126895
524,1,0.309,0.798087248
525,1,0.329,0.62559371
526,1,0.31,0.712593761
527,1,0.238,0.740094728
528,1,0.381,0.63348924
529,1,0.331,0.752773773
530,1,0.236,0.786631759
531,1,0.341,0.638768391
532,1,0.301,0.63769438
533,1,0.235,0.776661789
534,1,0.266,0.797590306
535,1,0.328,0.698681939
536,1,0.322,0.683398474
537,1,0.398,0.643787917
538,1,0.365,0.768536964
539,1,0.341,0.730977118
540,1,0.326,0.775714155
541,1,0.256,0.616284844
542,1,0.331,0.628752064
543,1,0.247,0.708012065
544,1,0.365,0.656049867
545,1,0.204,0.619693899
546,1,0.269,0.738252462
547,1,0.252,0.663832195
548,1,0.382,0.628023782
549,1,0.262,0.728295057
550,1,0.354,0.673259956
551,1,0.24,0.61334192
552,1,0.386,0.71212413
553,1,0.288,0.644483236
554,1,0.217,0.641523492
555,1,0.368,0.71078294
556,1,0.234,0.628415489
557,1,0.251,0.79527402
558,1,0.377,0.710106202
559,1,0.261,0.6498389
560,1,0.249,0.705570469
561,1,0.223,0.799904623
562,1,0.35,0.637018393
563,1,0.212,0.627837771
564,1,0.238,0.656286078
565,1,0.261,0.727890645
566,1,0.352,0.650125815
567,1,0.285,0.73892759
568,1,0.343,0.622207175
569,1,0.212,0.769471535
570,1,0.201,0.706417596
571,1,0.383,0.614709719
572,1,0.314,0.737681748
573,1,0.227,0.710752002
574,1,0.366,0.736795488
575,1,0.353,0.798747025
576,1,0.301,0.746049942
577,1,0.341,0.748305039
578,1,0.36,0.694685474
579,1,0.375,0.605320479
580,1,0.397,0.638322274
581,1,0.323,0.612055397
582,1,0.338,0.671476407
583,1,0.268,0.794239814
584,1,0.27,0.625206392
585,1,0.273,0.606840743
586,1,0.267,0.622906484
587,1,0.327,0.701270812
588,1,0.341,0.689385908
589,1,0.347,0.764203963
590,1,0.394,0.708025857
591,1,0.362,0.761497379
592,1,0.323,0.60046016
593,1,0.379,0.665936075
594,1,0.279,0.673640533
595,1,0.328,0.781267832
596,1,0.217,0.685972814
597,1,0.265,0.786563864
598,1,0.334,0.652005325
599,1,0.313,0.729885932
600,1,0.232,0.664992121
601,1,0.301,0.651443104
602,1,0.328,0.741860216
603,1,0.266,0.638804561
604,1,0.255,0.698543584
605,1,0.246,0.61094148
606,1,0.238,0.732508775
607,1,0.202,0.754148279
608,1,0.203,0.741687393
609,1,0.368,0.616912679
610,1,0.342,0.666528322
611,1,0.354,0.679322295
612,1,0.375,0.722028007
613,1,0.379,0.72290803
614,1,0.232,0.685131926
615,1,0.331,0.722028599
616,1,0.291,0.679429769
617,1,0.231,0.659651478
618,1,0.341,0.603524833
619,1,0.287,0.641295312
620,1,0.289,0.672477246
621,1,0.382,0.686837411
622,1,0.373,0.737505811
623,1,0.205,0.738325551
624,1,0.223,0.760074948
625,1,0.301,0.640191203
626,1,0.316,0.621321446
627,1,0.272,0.798531622
628,1,0.265,0.771057557
629,1,0.372,0.710694307
630,1,0.349,0.616033849
631,1,0.364,0.72169573
632,1,0.376,0.604223544
633,1,0.286,0.625859073
634,1,0.386,0.71831622
635,1,0.267,0.761009678
636,1,0.384,0.788567228
637,1,0.336,0.788814408
638,1,0.292,0.714707927
639,1,0.314,0.717225582
640,1,0.224,0.663748596
641,1,0.37,0.664394816
642,1,0.333,0.751616142
643,1,0.328,0.681469234
644,1,0.306,0.755853702
645,1,0.312,0.786306241
646,1,0.377,0.636833728
647,1,0.326,0.719641031
648,1,0.319,0.763311005
649,1,0.256,0.765881381
650,1,0.274,0.710836332
651,1,0.381,0.713559573
652,1,0.228,0.715901771
653,1,0.274,0.777158501
654,1,0.273,0.601215242
655,1,0.345,0.706400463
656,1,0.32,0.657821417
657,1,0.355,0.691580853
658,1,0.371,0.714657297
659,1,0.356,0.638333407
660,1,0.358,0.628102644
661,1,0.36,0.653781268
662,1,0.201,0.733205531
663,1,0.291,0.658435082
664,1,0.261,0.685206819
665,1,0.342,0.738951526
666,1,0.273,0.730689002
667,1,0.216,0.781538379
668,1,0.379,0.604799845
669,1,0.234,0.640806693
670,1,0.304,0.695977858
671,1,0.283,0.629880227
672,1,0.22,0.604173467
673,1,0.245,0.687624672
674,1,0.238,0.717874489
675,1,0.383,0.647579229
676,1,0.314,0.668140242
677,1,0.363,0.718625993
678,1,0.3,0.697696402
679,1,0.297,0.682054315
680,1,0.382,0.698099968
681,1,0.27,0.64822888
682,1,0.223,0.612952445
683,1,0.252,0.748271122
684,1,0.286,0.651410855
685,1,0.345,0.655738636
686,1,0.235,0.722208886
687,1,0.296,0.785773337
688,1,0.355,0.606653448
689,1,0.275,0.662352549
690,1,0.304,0.657022715
691,1,0.399,0.748540348
692,1,0.377,0.656726023
693,1,0.289,0.621119485
694,1,0.341,0.609630267
695,1,0.347,0.695282289
696,1,0.397,0.732802466
697,1,0.321,0.735412945
698,1,0.28,0.694561974
699,1,0.269,0.752454159
700,1,0.386,0.671185235
701,1,0.282,0.615846545
702,1,0.216,0.719251968
703,1,0.272,0.735554117
704,1,0.254,0.691894236
705,1,0.395,0.744613545
706,1,0.334,0.61165893
707,1,0.217,0.62117599
708,1,0.31,0.626206996
709,1,0.381,0.619711225
710,1,0.204,0.706850366
711,1,0.265,0.699976029
712,1,0.328,0.633525884
713,1,0.385,0.776783552
714,1,0.252,0.643023574
715,1,0.391,0.742918314
716,1,0.361,0.785347791
717,1,0.248,0.678316168
718,1,0.389,0.61332207
719,1,0.358,0.658341417
720,1,0.251,0.780451693
721,1,0.217,0.615144913
722,1,0.394,0.732346286
723,1,0.212,0.68775991
724,1,0.297,0.659937429
725,1,0.217,0.666960358
726,1,0.297,0.669771377
727,1,0.281,0.670891712
728,1,0.217,0.777377928
729,1,0.27,0.743868762
730,1,0.297,0.615528114
731,1,0.231,0.658932213
732,1,0.276,0.624907511
733,1,0.256,0.632398192
734,1,0.335,0.687098069
735,1,0.208,0.66366407
736,1,0.247,0.787844557
737,1,0.289,0.734603969
738,1,0.386,0.792922547
739,1,0.271,0.723974204
740,1,0.282,0.738833287
741,1,0.314,0.616158901
742,1,0.3,0.633191518
743,1,0.306,0.670175229
744,1,0.324,0.706774046
745,1,0.219,0.634992822
746,1,0.322,0.723408281
747,1,0.393,0.693013048
748,1,0.368,0.778031845
749,1,0.318,0.78262252
750,1,0.27,0.720959205
751,1,0.274,0.736307779
752,1,0.385,0.753272991
753,1,0.297,0.708248753
754,1,0.344,0.716043782
755,1,0.267,0.69954931
756,1,0.232,0.773837418
757,1,0.311,0.666870133
758,1,0.37,0.76037314
759,1,0.319,0.649864383
760,1,0.208,0.665045067
761,1,0.263,0.744427531
762,1,0.336,0.738061517
763,1,0.217,0.677659688
764,1,0.227,0.655089644
765,1,0.294,0.701905389
766,1,0.38,0.6783484
767,1,0.283,0.654010394
768,1,0.399,0.751716907
769,1,0.234,0.707983856
770,1,0.364,0.650531078
771,1,0.375,0.683271384
772,1,0.291,0.787398534
773,1,0.325,0.78022046
774,1,0.274,0.626691575
775,1,0.325,0.791241668
776,1,0.363,0.758125341
777,1,0.383,0.669495556
778,1,0.243,0.767134429
779,1,0.331,0.618238964
780,1,0.292,0.665041846
781,1,0.294,0.759904569
782,1,0.257,0.633694903
783,1,0.214,0.79366576
784,1,0.34,0.622823684
785,1,0.298,0.612848036
786,1,0.241,0.729047
787,1,0.213,0.623855695
788,1,0.355,0.730738376
789,1,0.225,0.699937733
790,1,0.227,0.772371212
791,1,0.3,0.656422982
792,1,0.306,0.757867239
793,1,0.228,0.779586152
794,1,0.28,0.733910734
795,1,0.326,0.675765365
796,1,0.387,0.74644471
797,1,0.31,0.654607899
798,1,0.372,0.653376677
799,1,0.204,0.701090633
800,1,0.254,0.654542188
801,1,0.395,0.734773676
802,1,0.288,0.745860147
803,1,0.319,0.735801201
804,1,0.398,0.648945478
805,1,0.278,0.653253913
806,1,0.261,0.694818347
807,1,0.369,0.716755173
808,1,0.244,0.691668312
809,1,0.366,0.726102169
810,1,0.25,0.698837576
811,1,0.242,0.672584927
812,1,0.236,0.619166105
813,1,0.303,0.608245281
814,1,0.373,0.721857854
815,1,0.346,0.638089766
816,1,0.333,0.73913001
817,1,0.225,0.741604405
818,1,0.295,0.719448054
819,1,0.265,0.617358434
820,1,0.309,0.642457499
821,1,0.293,0.606150106
822,1,0.305,0.717173799
823,1,0.392,0.734433857
824,1,0.355,0.69944936
825,1,0.311,0.685577557
826,1,0.231,0.694536535
827,1,0.203,0.699730401
828,1,0.384,0.741722581
829,1,0.243,0.694990272
830,1,0.296,0.637700104
831,1,0.318,0.791812996
832,1,0.318,0.660477502
833,1,0.239,0.63319603
834,1,0.271,0.76535902
835,1,0.225,0.779586915
836,1,0.397,0.612538165
837,1,0.371,0.741998806
838,1,0.297,0.689003129
839,1,0.388,0.783611316
840,1,0.316,0.789465568
841,1,0.301,0.759795051
842,1,0.354,0.724683589
843,1,0.376,0.695171817
844,1,0.207,0.732883913
845,1,0.283,0.790600816
846,1,0.376,0.642576961
847,1,0.334,0.63203343
848,1,0.367,0.791751326
849,1,0.342,0.76855203
850,1,0.203,0.628319549
851,1,0.398,0.740330522
852,1,0.3,0.686335207
853,1,0.282,0.687755226
854,1,0.246,0.736100752
855,1,0.387,0.606322557
856,1,0.206,0.751019658
857,1,0.281,0.64927286
858,1,0.335,0.643438245
859,1,0.322,0.697016717
860,1,0.35,0.7845489
861,1,0.39,0.672491832
862,1,0.327,0.707853602
863,1,0.265,0.72620564
864,1,0.218,0.660593009
865,1,0.347,0.759211723
866,1,0.242,0.773599119
867,1,0.316,0.653103689
868,1,0.237,0.653376524
869,1,0.373,0.784992476
870,1,0.377,0.632781054
871,1,0.258,0.632093526
872,1,0.27,0.632480382
873,1,0.366,0.655166502
874,1,0.376,0.741168201
875,1,0.35,0.787730262
876,1,0.307,0.711958606
877,1,0.229,0.678206872
878,1,0.287,0.718749205
879,1,0.35,0.627642448
880,1,0.245,0.7589029
881,1,0.366,0.701060649
882,1,0.285,0.623893575
883,1,0.204,0.711636455
884,1,0.396,0.795302858
885,1,0.286,0.62029865
886,1,0.36,0.762649224
887,1,0.361,0.6443051
888,1,0.356,0.705753186
889,1,0.248,0.731540931
890,1,0.284,0.767507308
891,1,0.318,0.678864193
892,1,0.312,0.776625252
893,1,0.321,0.722750673
894,1,0.305,0.667944251
895,1,0.23,0.645863525
896,1,0.344,0.693392078
897,1,0.336,0.624707375
898,1,0.215,0.634780821
899,1,0.389,0.777985186
900,1,0.269,0.79506524
901,1,0.267,0.686585154
902,1,0.261,0.66916244
903,1,0.346,0.640385592
904,1,0.251,0.730597507
905,1,0.327,0.716310796
906,1,0.243,0.727143269
907,1,0.334,0.683686476
908,1,0.344,0.656597233
909,1,0.247,0.677712487
910,1,0.208,0.64820644
911,1,0.296,0.654984822
912,1,0.21,0.75047477
913,1,0.261,0.611618797
914,1,0.345,0.6315008
915,1,0.338,0.6944903
916,1,0.322,0.731641607
917,1,0.337,0.67826997
918,1,0.29,0.695818756
919,1,0.212,0.757789793
920,1,0.271,0.645180279
921,1,0.366,0.789023818
922,1,0.294,0.791380385
923,1,0.29,0.641232982
924,1,0.239,0.76654098
925,1,0.35,0.689616564
926,1,0.253,0.638330857
927,1,0.281,0.694552089
928,1,0.29,0.628108368
929,1,0.341,0.758577115
930,1,0.329,0.613106233
931,1,0.275,0.795252097
932,1,0.29,0.729941247
933,1,0.399,0.699102706
934,1,0.345,0.702520806
935,1,0.239,0.604221592
936,1,0.275,0.644940633
937,1,0.23,0.600631573
938,1,0.233,0.754460683
939,1,0.332,0.673669911
940,1,0.325,0.754610671
941,1,0.365,0.660432985
942,1,0.365,0.778944931
943,1,0.211,0.744785325
944,1,0.225,0.632145659
945,1,0.397,0.747682505
946,1,0.373,0.790032117
947,1,0.326,0.724747762
948,1,0.25,0.720240554
949,1,0.221,0.632428263
950,1,0.248,0.766865916
951,1,0.287,0.755434742
952,1,0.353,0.750016614
953,1,0.241,0.772335582
954,1,0.211,0.743135126
955,1,0.265,0.661144575
956,1,0.241,0.608860491
957,1,0.394,0.755316831
958,1,0.222,0.722544858
959,1,0.258,0.78905206
960,1,0.324,0.644694714
961,1,0.219,0.656756179
962,1,0.253,0.676205528
963,1,0.3,0.727974131
964,1,0.249,0.61361223
965,1,0.228,0.68499861
966,1,0.339,0.652931752
967,1,0.382,0.676999355
968,1,0.388,0.601734521
969,1,0.313,0.694833466
970,1,0.322,0.736020015
971,1,0.313,0.658231723
972,1,0.342,0.668711533
973,1,0.294,0.7118243
974,1,0.322,0.752191178
975,1,0.299,0.637543013
976,1,0.36,0.61111855
977,1,0.286,0.720167891
978,1,0.344,0.6824028
979,1,0.22,0.78080034
980,1,0.271,0.692407956
981,1,0.272,0.793529187
982,1,0.38,0.697194915
983,1,0.277,0.723068418
984,1,0.239,0.620739314
985,1,0.23,0.747294417
986,1,0.279,0.798605542
987,1,0.399,0.749247158
988,1,0.328,0.795571427
989,1,0.298,0.645917249
990,1,0.214,0.771897327
991,1,0.22,0.766045172
992,1,0.211,0.792925749
993,1,0.25,0.648910565
994,1,0.306,0.635007295
995,1,0.235,0.785845916
996,1,0.389,0.727068891
997,1,0.204,0.611351675
998,1,0.203,0.744829354
999,1,0.276,0.669820035
1000,1,0.268,0.683395536
1001,2,0.59,0.480942993
1002,2,0.549,0.333554493
1003,2,0.572,0.373901974
1004,2,0.609,0.31849421
1005,2,0.541,0.383940152
1006,2,0.653,0.314381598
1007,2,0.606,0.449737513
1008,2,0.618,0.496447151
1009,2,0.652,0.420023845
1010,2,0.623,0.435737477
1011,2,0.614,0.476997604
1012,2,0.693,0.472623433
1013,2,0.685,0.417964602
1014,2,0.646,0.396881753
1015,2,0.611,0.463858529
1016,2,0.648,0.394585235
1017,2,0.598,0.481860536
1018,2,0.633,0.376136808
1019,2,0.652,0.332607053
1020,2,0.683,0.439475648
1021,2,0.558,0.454026801
1022,2,0.608,0.497832376
1023,2,0.672,0.487084367
1024,2,0.599,0.385606844
1025,2,0.607,0.371056241
1026,2,0.603,0.468621199
1027,2,0.617,0.364629504
1028,2,0.566,0.481266914
1029,2,0.649,0.378661949
1030,2,0.584,0.4350816
1031,2,0.596,0.4871798
1032,2,0.63,0.362696764
1033,2,0.566,0.418014503
1034,2,0.523,0.368330694
1035,2,0.535,0.439153453
1036,2,0.507,0.489807238
1037,2,0.558,0.319015125
1038,2,0.599,0.49067068
1039,2,0.626,0.447230262
1040,2,0.645,0.326566028
1041,2,0.522,0.47861565
1042,2,0.598,0.402264164
1043,2,0.676,0.363400876
1044,2,0.582,0.380442026
1045,2,0.516,0.441639159
1046,2,0.682,0.424376273
1047,2,0.644,0.309294584
1048,2,0.635,0.331276553
1049,2,0.688,0.429863457
1050,2,0.502,0.484511516
1051,2,0.576,0.38055618
1052,2,0.649,0.482347856
1053,2,0.585,0.401653608
1054,2,0.524,0.405759025
1055,2,0.629,0.300352662
1056,2,0.59,0.330257416
1057,2,0.632,0.369441808
1058,2,0.654,0.484912654
1059,2,0.541,0.473418455
1060,2,0.644,0.406499456
1061,2,0.649,0.306584282
1062,2,0.62,0.40212446
1063,2,0.668,0.443270528
1064,2,0.562,0.316994298
1065,2,0.508,0.466864345
1066,2,0.664,0.453927767
1067,2,0.639,0.437390455
1068,2,0.515,0.353283283
1069,2,0.68,0.495663478
1070,2,0.612,0.492358558
1071,2,0.645,0.417152031
1072,2,0.533,0.364909366
1073,2,0.554,0.411294435
1074,2,0.604,0.417612161
1075,2,0.589,0.429139125
1076,2,0.647,0.383238659
1077,2,0.654,0.324848893
1078,2,0.657,0.494581263
1079,2,0.518,0.368806875
1080,2,0.671,0.329999648
1081,2,0.623,0.398848155
1082,2,0.639,0.391768311
1083,2,0.655,0.48695138
1084,2,0.613,0.331396465
1085,2,0.597,0.404937291
1086,2,0.584,0.423089571
1087,2,0.539,0.327479974
1088,2,0.565,0.431573691
1089,2,0.679,0.474716354
1090,2,0.505,0.36289914
1091,2,0.607,0.449660995
1092,2,0.574,0.458304388
1093,2,0.636,0.449589252
1094,2,0.659,0.367722974
1095,2,0.683,0.486989661
1096,2,0.646,0.391512547
1097,2,0.596,0.365130765
1098,2,0.53,0.32179237
1099,2,0.626,0.425972867
1100,2,0.697,0.477607546
1101,2,0.543,0.338095443
1102,2,0.538,0.408685045
1103,2,0.547,0.350653337
1104,2,0.629,0.388606902
1105,2,0.584,0.383723281
1106,2,0.582,0.474609659
1107,2,0.596,0.370698742
1108,2,0.58,0.406468632
1109,2,0.678,0.33313962
1110,2,0.691,0.457233568
1111,2,0.583,0.464516339
1112,2,0.651,0.335630002
1113,2,0.512,0.372313753
1114,2,0.641,0.370240306
1115,2,0.534,0.373355868
1116,2,0.536,0.496357916
1117,2,0.695,0.467086253
1118,2,0.552,0.425560006
1119,2,0.633,0.314385836
1120,2,0.582,0.396484281
1121,2,0.64,0.489436332
1122,2,0.643,0.312396617
1123,2,0.515,0.43929031
1124,2,0.693,0.31972274
1125,2,0.668,0.429190251
1126,2,0.526,0.365399341
1127,2,0.553,0.426445691
1128,2,0.597,0.426064981
1129,2,0.537,0.389408797
1130,2,0.606,0.327354357
1131,2,0.588,0.386058964
1132,2,0.615,0.462126443
1133,2,0.596,0.45066896
1134,2,0.667,0.348315691
1135,2,0.68,0.331280526
1136,2,0.643,0.403613585
1137,2,0.663,0.348697826
1138,2,0.675,0.412575749
1139,2,0.527,0.471639376
1140,2,0.567,0.430712695
1141,2,0.562,0.304428108
1142,2,0.514,0.376851865
1143,2,0.694,0.420948436
1144,2,0.625,0.385864849
1145,2,0.656,0.386716587
1146,2,0.699,0.35600697
1147,2,0.549,0.487721591
1148,2,0.588,0.3045561
1149,2,0.532,0.30237881
1150,2,0.55,0.437700857
1151,2,0.605,0.469401836
1152,2,0.522,0.336241435
1153,2,0.624,0.40766663
1154,2,0.697,0.331306934
1155,2,0.521,0.443772431
1156,2,0.501,0.410813716
1157,2,0.653,0.359003009
1158,2,0.685,0.479474263
1159,2,0.698,0.387825803
1160,2,0.68,0.332832253
1161,2,0.506,0.313032335
1162,2,0.622,0.386546255
1163,2,0.599,0.32525652
1164,2,0.515,0.32394695
1165,2,0.509,0.424669757
1166,2,0.568,0.308296752
1167,2,0.61,0.482869976
1168,2,0.522,0.406378231
1169,2,0.671,0.335807363
1170,2,0.645,0.374553868
1171,2,0.699,0.373458129
1172,2,0.511,0.319064372
1173,2,0.502,0.45144861
1174,2,0.614,0.322697198
1175,2,0.688,0.468758826
1176,2,0.594,0.351311118
1177,2,0.523,0.316190718
1178,2,0.572,0.327041434
1179,2,0.673,0.419110557
1180,2,0.648,0.379144369
1181,2,0.62,0.354580682
1182,2,0.54,0.326475136
1183,2,0.661,0.338385522
1184,2,0.561,0.373311895
1185,2,0.681,0.473386727
1186,2,0.63,0.366198057
1187,2,0.551,0.470901531
1188,2,0.592,0.494820144
1189,2,0.67,0.456944563
1190,2,0.593,0.458875336
1191,2,0.555,0.495552043
1192,2,0.687,0.437903807
1193,2,0.579,0.354566301
1194,2,0.612,0.321343275
1195,2,0.569,0.408907349
1196,2,0.631,0.477422527
1197,2,0.528,0.352330227
1198,2,0.56,0.30983709
1199,2,0.64,0.359746214
1200,2,0.555,0.437462324
1201,2,0.555,0.41934581
1202,2,0.625,0.407043792
1203,2,0.669,0.410789612
1204,2,0.608,0.311390747
1205,2,0.62,0.417153969
1206,2,0.645,0.437794001
1207,2,0.611,0.385561096
1208,2,0.619,0.395066011
1209,2,0.678,0.413130313
1210,2,0.544,0.349859573
1211,2,0.646,0.467519356
1212,2,0.577,0.467225868
1213,2,0.64,0.418432437
1214,2,0.697,0.484917643
1215,2,0.53,0.498120624
1216,2,0.627,0.379824443
1217,2,0.653,0.370261436
1218,2,0.634,0.480921291
1219,2,0.565,0.497570375
1220,2,0.527,0.372391335
1221,2,0.557,0.451555863
1222,2,0.642,0.486998197
1223,2,0.676,0.398110654
1224,2,0.696,0.469621815
1225,2,0.656,0.360801075
1226,2,0.668,0.39762942
1227,2,0.621,0.318191158
1228,2,0.58,0.364369812
1229,2,0.652,0.371054078
1230,2,0.666,0.390136319
1231,2,0.656,0.468602777
1232,2,0.669,0.360821336
1233,2,0.524,0.437890088
1234,2,0.59,0.316606825
1235,2,0.572,0.397441639
1236,2,0.645,0.40302975
1237,2,0.677,0.350571303
1238,2,0.636,0.381173842
1239,2,0.547,0.455894401
1240,2,0.663,0.315651525
1241,2,0.655,0.335716667
1242,2,0.63,0.467884477
1243,2,0.522,0.365993852
1244,2,0.507,0.321772093
1245,2,0.691,0.363759241
1246,2,0.626,0.491632369
1247,2,0.562,0.367543974
1248,2,0.5,0.414878859
1249,2,0.546,0.313305429
1250,2,0.543,0.380274009
1251,2,0.668,0.48866083
1252,2,0.574,0.309871336
1253,2,0.571,0.490079178
1254,2,0.501,0.35599713
1255,2,0.644,0.435079293
1256,2,0.52,0.39370663
1257,2,0.666,0.306481157
1258,2,0.61,0.449003586
1259,2,0.528,0.399125012
1260,2,0.665,0.4789896
1261,2,0.645,0.483294647
1262,2,0.613,0.326956627
1263,2,0.575,0.494214916
1264,2,0.569,0.465864163
1265,2,0.507,0.421975725
1266,2,0.531,0.442967082
1267,2,0.661,0.380837053
1268,2,0.634,0.399729006
1269,2,0.532,0.458177117
1270,2,0.554,0.333470717
1271,2,0.656,0.344739966
1272,2,0.658,0.376611595
1273,2,0.618,0.357288906
1274,2,0.663,0.486479485
1275,2,0.671,0.442790369
1276,2,0.529,0.335464874
1277,2,0.672,0.405283902
1278,2,0.684,0.351202833
1279,2,0.512,0.393718454
1280,2,0.503,0.396981107
1281,2,0.629,0.4246161
1282,2,0.532,0.435595393
1283,2,0.535,0.427939449
1284,2,0.587,0.348557751
1285,2,0.613,0.334925801
1286,2,0.653,0.474950887
1287,2,0.696,0.43358443
1288,2,0.58,0.365990359
1289,2,0.676,0.401051189
1290,2,0.685,0.42180621
1291,2,0.626,0.402339837
1292,2,0.631,0.320472465
1293,2,0.658,0.436908483
1294,2,0.538,0.481864845
1295,2,0.698,0.489261745
1296,2,0.619,0.378357295
1297,2,0.528,0.365699633
1298,2,0.56,0.324928565
1299,2,0.663,0.383574245
1300,2,0.575,0.415206324
1301,2,0.632,0.471904383
1302,2,0.603,0.473681869
1303,2,0.565,0.481257654
1304,2,0.637,0.433727624
1305,2,0.542,0.376030085
1306,2,0.615,0.396225819
1307,2,0.662,0.441946234
1308,2,0.662,0.30473472
1309,2,0.62,0.400759848
1310,2,0.568,0.494181702
1311,2,0.606,0.462768752
1312,2,0.524,0.399655891
1313,2,0.592,0.437283107
1314,2,0.516,0.302657063
1315,2,0.667,0.370864514
1316,2,0.6,0.326761898
1317,2,0.699,0.475866459
1318,2,0.632,0.327057693
1319,2,0.576,0.370866999
1320,2,0.541,0.339489726
1321,2,0.653,0.348446922
1322,2,0.612,0.311852783
1323,2,0.684,0.475864941
1324,2,0.531,0.328177742
1325,2,0.577,0.381497395
1326,2,0.686,0.452839755
1327,2,0.69,0.3788627
1328,2,0.563,0.426548885
1329,2,0.637,0.425168953
1330,2,0.62,0.452518369
1331,2,0.575,0.440506084
1332,2,0.582,0.455554245
1333,2,0.611,0.49593863
1334,2,0.521,0.394201576
1335,2,0.528,0.435795941
1336,2,0.511,0.492413556
1337,2,0.526,0.452932507
1338,2,0.56,0.331148627
1339,2,0.528,0.361520098
1340,2,0.598,0.443347852
1341,2,0.677,0.330434893
1342,2,0.534,0.349667872
1343,2,0.666,0.430455901
1344,2,0.576,0.342509743
1345,2,0.525,0.330954103
1346,2,0.559,0.340402066
1347,2,0.511,0.394572664
1348,2,0.508,0.320695683
1349,2,0.598,0.370336873
1350,2,0.605,0.345252833
1351,2,0.608,0.302403318
1352,2,0.572,0.335878234
1353,2,0.674,0.35337477
1354,2,0.54,0.354130039
1355,2,0.516,0.406080019
1356,2,0.612,0.388103433
1357,2,0.54,0.368551658
1358,2,0.564,0.356575327
1359,2,0.629,0.401294604
1360,2,0.594,0.389630285
1361,2,0.641,0.322609446
1362,2,0.699,0.315719412
1363,2,0.649,0.35153991
1364,2,0.539,0.375390416
1365,2,0.639,0.482632433
1366,2,0.635,0.406948413
1367,2,0.662,0.314811596
1368,2,0.574,0.398296767
1369,2,0.598,0.305239388
1370,2,0.655,0.455784846
1371,2,0.608,0.438083038
1372,2,0.503,0.485001101
1373,2,0.556,0.391797448
1374,2,0.694,0.419096786
1375,2,0.556,0.309660608
1376,2,0.525,0.358361409
1377,2,0.61,0.436016301
1378,2,0.699,0.494714769
1379,2,0.574,0.404017152
1380,2,0.54,0.438098132
1381,2,0.537,0.460828412
1382,2,0.513,0.483109517
1383,2,0.684,0.33502096
1384,2,0.61,0.35710139
1385,2,0.501,0.361359824
1386,2,0.537,0.415346614
1387,2,0.507,0.450012532
1388,2,0.668,0.419937659
1389,2,0.684,0.393745817
1390,2,0.505,0.412295233
1391,2,0.602,0.4286702
1392,2,0.661,0.309417209
1393,2,0.608,0.442385414
1394,2,0.515,0.30043785
1395,2,0.605,0.385424923
1396,2,0.639,0.391461476
1397,2,0.646,0.31863855
1398,2,0.582,0.457741205
1399,2,0.651,0.345872668
1400,2,0.663,0.362213991
1401,2,0.604,0.398484874
1402,2,0.697,0.347882723
1403,2,0.569,0.314092823
1404,2,0.667,0.40318418
1405,2,0.571,0.468359731
1406,2,0.602,0.307221881
1407,2,0.698,0.388093367
1408,2,0.519,0.372665292
1409,2,0.7,0.440172121
1410,2,0.663,0.361286825
1411,2,0.551,0.342706346
1412,2,0.596,0.397810858
1413,2,0.642,0.344563236
1414,2,0.598,0.452041778
1415,2,0.627,0.464027062
1416,2,0.686,0.402731062
1417,2,0.538,0.300209802
1418,2,0.603,0.46818633
1419,2,0.556,0.489769466
1420,2,0.686,0.3524944
1421,2,0.638,0.438622363
1422,2,0.599,0.326320778
1423,2,0.51,0.430534982
1424,2,0.651,0.344729485
1425,2,0.657,0.382476577
1426,2,0.689,0.312487548
1427,2,0.602,0.379887
1428,2,0.667,0.422496449
1429,2,0.683,0.302288996
1430,2,0.638,0.378745548
1431,2,0.581,0.346658841
1432,2,0.586,0.315477486
1433,2,0.63,0.307023034
1434,2,0.523,0.349400749
1435,2,0.518,0.358467278
1436,2,0.633,0.458396925
1437,2,0.506,0.409552605
1438,2,0.624,0.461090244
1439,2,0.688,0.468711824
1440,2,0.523,0.346036702
1441,2,0.541,0.402169206
1442,2,0.588,0.335990215
1443,2,0.56,0.478698068
1444,2,0.642,0.396052992
1445,2,0.565,0.365375602
1446,2,0.622,0.391968548
1447,2,0.59,0.35792177
1448,2,0.519,0.42793154
1449,2,0.623,0.303165224
1450,2,0.645,0.329850412
1451,2,0.655,0.38192522
1452,2,0.639,0.311448901
1453,2,0.673,0.348627348
1454,2,0.566,0.318063981
1455,2,0.566,0.484052113
1456,2,0.534,0.316082047
1457,2,0.629,0.484214827
1458,2,0.598,0.488854694
1459,2,0.602,0.467207676
1460,2,0.614,0.459120756
1461,2,0.575,0.469037456
1462,2,0.563,0.421324384
1463,2,0.694,0.428202735
1464,2,0.514,0.37678301
1465,2,0.533,0.336904034
1466,2,0.559,0.433366728
1467,2,0.525,0.429038907
1468,2,0.647,0.363607247
1469,2,0.65,0.312119065
1470,2,0.611,0.309955183
1471,2,0.547,0.320096496
1472,2,0.596,0.393878203
1473,2,0.575,0.348798657
1474,2,0.569,0.493443288
1475,2,0.584,0.33186551
1476,2,0.601,0.336471805
1477,2,0.563,0.498349884
1478,2,0.527,0.354674278
1479,2,0.682,0.480899339
1480,2,0.534,0.311336792
1481,2,0.649,0.487574491
1482,2,0.594,0.450895561
1483,2,0.582,0.435536975
1484,2,0.691,0.40983538
1485,2,0.6,0.328395028
1486,2,0.547,0.495131466
1487,2,0.627,0.389904579
1488,2,0.516,0.328739196
1489,2,0.506,0.379481364
1490,2,0.598,0.448033522
1491,2,0.615,0.475390059
1492,2,0.685,0.434073223
1493,2,0.588,0.448812932
1494,2,0.539,0.458202479
1495,2,0.651,0.312047239
1496,2,0.531,0.344228671
1497,2,0.602,0.439660112
1498,2,0.693,0.414540006
1499,2,0.674,0.480722154
1500,2,0.595,0.717232304
1501,2,0.568,0.604426735
1502,2,0.534,0.729595984
1503,2,0.64,0.73901714
1504,2,0.631,0.723663247
1505,2,0.612,0.613815436
1506,2,0.549,0.741958207
1507,2,0.626,0.730933682
1508,2,0.527,0.665867902
1509,2,0.524,0.740904552
1510,2,0.674,0.651898853
1511,2,0.521,0.676856698
1512,2,0.532,0.618922166
1513,2,0.546,0.637142517
1514,2,0.686,0.744506148
1515,2,0.691,0.737939338
1516,2,0.614,0.755879816
1517,2,0.676,0.742400327
1518,2,0.517,0.738448237
1519,2,0.519,0.774269034
1520,2,0.654,0.619196824
1521,2,0.547,0.759655527
1522,2,0.693,0.608605783
1523,2,0.551,0.741652209
1524,2,0.582,0.613613623
1525,2,0.628,0.764399893
1526,2,0.579,0.670697702
1527,2,0.582,0.611162655
1528,2,0.621,0.737946125
1529,2,0.642,0.761337509
1530,2,0.676,0.624123722
1531,2,0.696,0.663209638
1532,2,0.533,0.742961098
1533,2,0.518,0.700753558
1534,2,0.601,0.761068984
1535,2,0.607,0.668599817
1536,2,0.66,0.69266127
1537,2,0.652,0.778357641
1538,2,0.6,0.602885255
1539,2,0.647,0.717336383
1540,2,0.632,0.622164247
1541,2,0.685,0.779450148
1542,2,0.644,0.721447631
1543,2,0.545,0.65265036
1544,2,0.629,0.639691517
1545,2,0.558,0.709112863
1546,2,0.686,0.7781964
1547,2,0.689,0.665302508
1548,2,0.667,0.799981981
1549,2,0.671,0.626001193
1550,2,0.555,0.731329166
1551,2,0.67,0.715801758
1552,2,0.617,0.738730632
1553,2,0.528,0.792271303
1554,2,0.515,0.624432339
1555,2,0.504,0.634841886
1556,2,0.59,0.763974399
1557,2,0.548,0.732524357
1558,2,0.645,0.670388989
1559,2,0.535,0.783894524
1560,2,0.64,0.600075515
1561,2,0.645,0.787756625
1562,2,0.565,0.621723398
1563,2,0.61,0.723427294
1564,2,0.59,0.623631113
1565,2,0.578,0.761061131
1566,2,0.511,0.679657753
1567,2,0.662,0.663194928
1568,2,0.626,0.671929633
1569,2,0.691,0.639897125
1570,2,0.692,0.713939276
1571,2,0.617,0.610780132
1572,2,0.627,0.719984575
1573,2,0.506,0.787035711
1574,2,0.523,0.71495212
1575,2,0.656,0.707084074
1576,2,0.685,0.619923105
1577,2,0.651,0.697584529
1578,2,0.603,0.73644795
1579,2,0.634,0.698960817
1580,2,0.654,0.756629335
1581,2,0.56,0.722483898
1582,2,0.64,0.796546199
1583,2,0.519,0.661333294
1584,2,0.579,0.76727615
1585,2,0.539,0.703729255
1586,2,0.552,0.697226501
1587,2,0.575,0.658818344
1588,2,0.512,0.664781239
1589,2,0.57,0.754202476
1590,2,0.541,0.645913037
1591,2,0.602,0.797678816
1592,2,0.505,0.656058997
1593,2,0.599,0.771735444
1594,2,0.572,0.654508652
1595,2,0.597,0.770289405
1596,2,0.547,0.711610633
1597,2,0.567,0.769969387
1598,2,0.535,0.795145882
1599,2,0.541,0.656730769
1600,2,0.63,0.639732661
1601,2,0.64,0.797983654
1602,2,0.585,0.648361238
1603,2,0.622,0.709887598
1604,2,0.603,0.675844377
1605,2,0.666,0.691541959
1606,2,0.642,0.646619415
1607,2,0.679,0.684574316
1608,2,0.508,0.715715539
1609,2,0.563,0.742905351
1610,2,0.629,0.799949154
1611,2,0.543,0.657036726
1612,2,0.582,0.687528232
1613,2,0.616,0.683112235
1614,2,0.537,0.621264723
1615,2,0.572,0.787188575
1616,2,0.603,0.601929022
1617,2,0.572,0.625207175
1618,2,0.574,0.643883814
1619,2,0.635,0.641889993
1620,2,0.509,0.713348908
1621,2,0.586,0.687309957
1622,2,0.575,0.766769682
1623,2,0.624,0.793699675
1624,2,0.612,0.607183732
1625,2,0.698,0.661232555
1626,2,0.667,0.730253433
1627,2,0.517,0.671203339
1628,2,0.595,0.729582419
1629,2,0.65,0.755532768
1630,2,0.527,0.617830493
1631,2,0.695,0.641826246
1632,2,0.536,0.608369775
1633,2,0.578,0.665264851
1634,2,0.642,0.786459933
1635,2,0.688,0.692856552
1636,2,0.676,0.691910253
1637,2,0.548,0.699241385
1638,2,0.68,0.639309335
1639,2,0.612,0.670827517
1640,2,0.62,0.689810464
1641,2,0.7,0.799760467
1642,2,0.611,0.732853833
1643,2,0.536,0.625831442
1644,2,0.696,0.797289845
1645,2,0.657,0.624758683
1646,2,0.558,0.660521586
1647,2,0.609,0.706997073
1648,2,0.508,0.724332016
1649,2,0.514,0.634180029
1650,2,0.521,0.660624368
1651,2,0.664,0.767805555
1652,2,0.639,0.713463552
1653,2,0.619,0.7982559
1654,2,0.624,0.785516342
1655,2,0.539,0.737271485
1656,2,0.696,0.706251401
1657,2,0.633,0.649797779
1658,2,0.53,0.780776655
1659,2,0.558,0.606652939
1660,2,0.646,0.668991385
1661,2,0.558,0.772917903
1662,2,0.61,0.73627234
1663,2,0.57,0.792535791
1664,2,0.549,0.641721848
1665,2,0.637,0.757967565
1666,2,0.655,0.707556838
1667,2,0.688,0.651447438
1668,2,0.653,0.642827531
1669,2,0.512,0.789878888
1670,2,0.616,0.770160637
1671,2,0.508,0.78146094
1672,2,0.514,0.714707178
1673,2,0.578,0.615117854
1674,2,0.66,0.611747567
1675,2,0.568,0.718314783
1676,2,0.509,0.702909688
1677,2,0.563,0.765203202
1678,2,0.681,0.612170139
1679,2,0.623,0.608814775
1680,2,0.68,0.661477095
1681,2,0.606,0.717566359
1682,2,0.566,0.79173967
1683,2,0.528,0.652922256
1684,2,0.653,0.601263686
1685,2,0.616,0.739146624
1686,2,0.564,0.6583135
1687,2,0.549,0.622952454
1688,2,0.557,0.799875846
1689,2,0.638,0.746518441
1690,2,0.593,0.719692929
1691,2,0.537,0.698001978
1692,2,0.594,0.748055772
1693,2,0.643,0.709510823
1694,2,0.59,0.603163348
1695,2,0.637,0.676546268
1696,2,0.553,0.710643955
1697,2,0.677,0.640715648
1698,2,0.563,0.647652831
1699,2,0.679,0.61967268
1700,2,0.536,0.740105632
1701,2,0.508,0.679268694
1702,2,0.535,0.748135323
1703,2,0.529,0.70226106
1704,2,0.684,0.667351593
1705,2,0.532,0.653072506
1706,2,0.547,0.618492089
1707,2,0.662,0.747538563
1708,2,0.691,0.671082911
1709,2,0.62,0.718952125
1710,2,0.525,0.728630148
1711,2,0.531,0.624792421
1712,2,0.669,0.653740202
1713,2,0.516,0.6136454
1714,2,0.68,0.6467744
1715,2,0.506,0.717788872
1716,2,0.595,0.778971136
1717,2,0.517,0.604209012
1718,2,0.52,0.63449363
1719,2,0.543,0.607208251
1720,2,0.653,0.768248136
1721,2,0.532,0.629582118
1722,2,0.559,0.678646504
1723,2,0.584,0.672318133
1724,2,0.623,0.728645764
1725,2,0.504,0.614528702
1726,2,0.523,0.700170274
1727,2,0.573,0.639451981
1728,2,0.506,0.695448242
1729,2,0.584,0.73355597
1730,2,0.609,0.786446522
1731,2,0.655,0.722405476
1732,2,0.592,0.687534889
1733,2,0.58,0.784629393
1734,2,0.584,0.621336154
1735,2,0.555,0.615698918
1736,2,0.58,0.69110818
1737,2,0.504,0.607295473
1738,2,0.655,0.630848695
1739,2,0.657,0.603033152
1740,2,0.658,0.619851417
1741,2,0.666,0.620626982
1742,2,0.534,0.741144319
1743,2,0.685,0.751603592
1744,2,0.637,0.679453145
1745,2,0.667,0.701704224
1746,2,0.583,0.75895117
1747,2,0.552,0.611965857
1748,2,0.571,0.731755392
1749,2,0.639,0.720057987
1750,2,0.598,0.68857324
1751,2,0.626,0.644867764
1752,2,0.662,0.719621485
1753,2,0.569,0.676700678
1754,2,0.552,0.792387174
1755,2,0.551,0.664815204
1756,2,0.528,0.734530348
1757,2,0.559,0.726982208
1758,2,0.615,0.629720468
1759,2,0.636,0.642438393
1760,2,0.693,0.6556359
1761,2,0.559,0.757256223
1762,2,0.555,0.748346909
1763,2,0.605,0.796813571
1764,2,0.585,0.755661801
1765,2,0.506,0.713564138
1766,2,0.64,0.701707698
1767,2,0.526,0.766954428
1768,2,0.576,0.617953843
1769,2,0.601,0.68593582
1770,2,0.545,0.744205648
1771,2,0.513,0.645362177
1772,2,0.649,0.691762865
1773,2,0.652,0.669549893
1774,2,0.505,0.751779583
1775,2,0.617,0.642837747
1776,2,0.578,0.682435655
1777,2,0.592,0.740560042
1778,2,0.503,0.761561785
1779,2,0.558,0.709125272
1780,2,0.559,0.715921684
1781,2,0.601,0.696535348
1782,2,0.615,0.633423711
1783,2,0.67,0.709051131
1784,2,0.614,0.713274288
1785,2,0.685,0.688511456
1786,2,0.534,0.784385118
1787,2,0.549,0.694872428
1788,2,0.544,0.795199329
1789,2,0.569,0.722324909
1790,2,0.573,0.765856843
1791,2,0.647,0.677621789
1792,2,0.676,0.750538169
1793,2,0.639,0.675705964
1794,2,0.663,0.627230775
1795,2,0.509,0.601159247
1796,2,0.691,0.615554312
1797,2,0.538,0.716910018
1798,2,0.686,0.645094659
1799,2,0.611,0.718705104
1800,2,0.523,0.796281075
1801,2,0.542,0.601156096
1802,2,0.644,0.73566428
1803,2,0.501,0.70549775
1804,2,0.683,0.70649254
1805,2,0.694,0.728669609
1806,2,0.531,0.63570781
1807,2,0.576,0.705243197
1808,2,0.55,0.677697075
1809,2,0.619,0.684740396
1810,2,0.65,0.630164186
1811,2,0.675,0.719334884
1812,2,0.551,0.695721115
1813,2,0.506,0.798681749
1814,2,0.65,0.601583995
1815,2,0.686,0.765213249
1816,2,0.658,0.757857952
1817,2,0.506,0.666868506
1818,2,0.54,0.787946706
1819,2,0.54,0.730632897
1820,2,0.695,0.77954265
1821,2,0.695,0.661209376
1822,2,0.581,0.715468786
1823,2,0.693,0.681424825
1824,2,0.567,0.717100006
1825,2,0.558,0.773065353
1826,2,0.601,0.729144771
1827,2,0.506,0.647906209
1828,2,0.586,0.60853331
1829,2,0.528,0.758127102
1830,2,0.661,0.724153942
1831,2,0.521,0.647030026
1832,2,0.668,0.793606024
1833,2,0.69,0.625898721
1834,2,0.543,0.652192611
1835,2,0.563,0.741738105
1836,2,0.507,0.691670856
1837,2,0.582,0.792918176
1838,2,0.605,0.677319077
1839,2,0.613,0.780087064
1840,2,0.649,0.776676288
1841,2,0.54,0.646281887
1842,2,0.64,0.747093373
1843,2,0.66,0.691223381
1844,2,0.643,0.667228282
1845,2,0.573,0.71390133
1846,2,0.573,0.749299627
1847,2,0.618,0.717921498
1848,2,0.616,0.791536061
1849,2,0.551,0.785210189
1850,2,0.508,0.659601155
1851,2,0.557,0.607170078
1852,2,0.69,0.628628949
1853,2,0.594,0.758108784
1854,2,0.521,0.757673948
1855,2,0.514,0.60243513
1856,2,0.676,0.635145115
1857,2,0.667,0.738966794
1858,2,0.697,0.722176632
1859,2,0.641,0.757100083
1860,2,0.67,0.605835947
1861,2,0.523,0.747374358
1862,2,0.656,0.744741382
1863,2,0.634,0.747042305
1864,2,0.601,0.627014029
1865,2,0.511,0.729415003
1866,2,0.558,0.772353849
1867,2,0.534,0.669476641
1868,2,0.625,0.633970798
1869,2,0.579,0.780612128
1870,2,0.646,0.617812682
1871,2,0.569,0.793989975
1872,2,0.528,0.771993863
1873,2,0.5,0.677581685
1874,2,0.54,0.760618605
1875,2,0.657,0.651188102
1876,2,0.607,0.668446077
1877,2,0.584,0.681888421
1878,2,0.624,0.603934388
1879,2,0.552,0.629972678
1880,2,0.681,0.652702139
1881,2,0.691,0.642807294
1882,2,0.563,0.706262147
1883,2,0.516,0.719525914
1884,2,0.559,0.668982513
1885,2,0.572,0.784403494
1886,2,0.672,0.735153461
1887,2,0.643,0.742886965
1888,2,0.55,0.681020326
1889,2,0.591,0.70960582
1890,2,0.635,0.636031701
1891,2,0.625,0.792627407
1892,2,0.598,0.603986393
1893,2,0.673,0.695607547
1894,2,0.551,0.632894139
1895,2,0.609,0.797534938
1896,2,0.536,0.790098286
1897,2,0.584,0.72894286
1898,2,0.591,0.636400232
1899,2,0.694,0.671377063
1900,2,0.556,0.73288149
1901,2,0.521,0.776447471
1902,2,0.668,0.630743731
1903,2,0.587,0.753771355
1904,2,0.675,0.661410397
1905,2,0.623,0.600103772
1906,2,0.576,0.668135408
1907,2,0.608,0.715530584
1908,2,0.641,0.787503642
1909,2,0.659,0.748981289
1910,2,0.684,0.757449009
1911,2,0.688,0.66725539
1912,2,0.597,0.743837185
1913,2,0.535,0.613695303
1914,2,0.563,0.632152676
1915,2,0.688,0.79423581
1916,2,0.647,0.606369206
1917,2,0.665,0.638668578
1918,2,0.524,0.695101966
1919,2,0.634,0.671301582
1920,2,0.511,0.653785667
1921,2,0.69,0.712128248
1922,2,0.616,0.679897145
1923,2,0.545,0.681299016
1924,2,0.68,0.63126352
1925,2,0.693,0.739373689
1926,2,0.612,0.643712158
1927,2,0.683,0.667651099
1928,2,0.523,0.713555176
1929,2,0.629,0.720402331
1930,2,0.573,0.704722344
1931,2,0.639,0.640877961
1932,2,0.661,0.630404095
1933,2,0.597,0.709641395
1934,2,0.533,0.643383299
1935,2,0.53,0.791650659
1936,2,0.506,0.672635107
1937,2,0.563,0.671645491
1938,2,0.597,0.608881924
1939,2,0.603,0.744360719
1940,2,0.664,0.666358018
1941,2,0.661,0.697263425
1942,2,0.558,0.713436004
1943,2,0.633,0.771619099
1944,2,0.514,0.631680008
1945,2,0.547,0.796496224
1946,2,0.506,0.725542636
1947,2,0.581,0.779155206
1948,2,0.675,0.744826076
1949,2,0.604,0.756348901
1950,2,0.568,0.63094533
1951,2,0.602,0.712573942
1952,2,0.543,0.662220783
1953,2,0.615,0.688282248
1954,2,0.565,0.705350373
1955,2,0.579,0.617662467
1956,2,0.643,0.738374442
1957,2,0.659,0.624793413
1958,2,0.507,0.621991908
1959,2,0.545,0.676303811
1960,2,0.63,0.76680929
1961,2,0.517,0.743073469
1962,2,0.56,0.786060565
1963,2,0.551,0.789404724
1964,2,0.597,0.637465344
1965,2,0.558,0.690519825
1966,2,0.614,0.629431652
1967,2,0.654,0.725199793
1968,2,0.698,0.600354642
1969,2,0.535,0.774397525
1970,2,0.568,0.636832515
1971,2,0.511,0.797983359
1972,2,0.565,0.706970341
1973,2,0.616,0.780721383
1974,2,0.531,0.6925505
1975,2,0.557,0.617457518
1976,2,0.675,0.692818979
1977,2,0.531,0.602917275
1978,2,0.551,0.681270813
1979,2,0.559,0.745956522
1980,2,0.514,0.648641044
1981,2,0.66,0.704755766
1982,2,0.575,0.637823286
1983,2,0.526,0.632542059
1984,2,0.634,0.615822246
1985,2,0.691,0.717398794
1986,2,0.621,0.620657279
1987,2,0.528,0.722755156
1988,2,0.603,0.618601007
1989,2,0.601,0.602746801
1990,2,0.625,0.694100446
1991,2,0.522,0.725858042
1992,2,0.53,0.60116929
1993,2,0.654,0.760040617
1994,2,0.543,0.60094876
1995,2,0.65,0.626856602
1996,2,0.526,0.743344322
1997,2,0.681,0.792007034
1998,2,0.648,0.733280699
1999,2,0.569,0.691832911
2000,2,0.654,0.674783583
